alert_id,company_id,company_name,trigger_id,trigger_name,contact_owner,source,article_url,published_at,dedupe_key,created_at,status
68157d36-3ffa-4aec-8f23-8eb6ac1eaec2,c007,Atlas Software,t002,Cambio CEO,press@atlassoftware.it,GN Company | c007,https://news.google.com/rss/articles/CBMiUEFVX3lxTE5OVDMwOUo2NDNLWjVqTktjM2V5SEFEZV8zVTV4alg1ZmNHaU5idFNEY1RIdWw5cUxjdHJudVV3cklzLVlRbFYtWFVfTnozdXlX?oc=5,2017-04-01T12:51:30+00:00,c007|t002|2017-04-01|,2026-02-07T21:27:39.448695+00:00,sent
02377649-c0d4-42a4-8c45-86331d110643,c017,Salus Healthcare,t004,Partnership,press@salushealthcare.it,GN Company | c017,https://news.google.com/rss/articles/CBMiiwFBVV95cUxOMnRsd09Zdll5Q0Ewem42YS1ydm91emNDcWw2QV9TODFuVjhlNUlBaHZQTTJEY2h3bVl5RE9YMHRMTmxDanZkU0VUOEhubXBmalRhanktZ204bk14WFBkeTE4Z3VUb205ckRhMmdFaUkyd0ZzUVlEcHJOeHVFdXI0eTJ2M3hLUlFMVVRn?oc=5,2024-08-22T07:00:00+00:00,c017|t004|2024-08-22|,2026-02-07T21:27:39.448695+00:00,sent
f023a384-0a7b-44b9-9394-39a7972a51f1,c001,Futura Tech,t005,Piano Industriale,press@futuratech.it,Local RSS Snapshot,https://local.example.com/futura-tech-plan,2026-02-06T08:30:00+00:00,c001|t005|2026-02-06|futura tech presenta il nuovo piano industriale 2026 2029,2026-02-07T21:55:32.230785+00:00,new
2d536e30-c196-45b9-a845-0788b9eedc42,c002,NordWind Energy,t001,Acquisizione,info@nordwindenergy.it,Local RSS Snapshot,https://local.example.com/nordwind-acquisizione,2026-02-05T09:10:00+00:00,c002|t001|2026-02-05|nordwind energy completa acquisizione di solarpeak,2026-02-07T21:55:32.230785+00:00,new
2e3d21b3-b198-414b-913c-cd2c0daecb76,c003,GreenLeaf Foods,t003,Funding,press@greenleaffoods.it,Local RSS Snapshot,https://local.example.com/greenleaf-funding,2026-02-04T07:45:00+00:00,c003|t003|2026-02-04|greenleaf foods chiude un round di finanziamento series a,2026-02-07T21:55:32.230785+00:00,new
40a7547d-358b-45de-a32e-75bcf6ff7321,c005,MedNova Health,t004,Partnership,press@mednovahealth.it,Local RSS Snapshot,https://local.example.com/mednova-partnership,2026-02-03T10:00:00+00:00,c005|t004|2026-02-03|mednova health avvia partnership per telemedicina,2026-02-07T21:55:32.230785+00:00,new
cec0adbf-5701-4440-84ba-55704e1fd77f,c006,Iberia Logistics,t006,Ristrutturazione,info@iberialogistics.it,Local RSS Snapshot,https://local.example.com/iberia-restructuring,2026-02-03T14:15:00+00:00,c006|t006|2026-02-03|iberia logistics annuncia ristrutturazione della rete,2026-02-07T21:55:32.230785+00:00,new
c97fbf33-5f59-41fa-95af-f67a64327afa,c008,Luminex Materials,t007,Profit Warning,info@luminexmaterials.it,Local RSS Snapshot,https://local.example.com/luminex-profit-warning,2026-02-02T11:30:00+00:00,c008|t007|2026-02-02|luminex materials emette profit warning per q1,2026-02-07T21:55:32.230785+00:00,new
1b9a284f-91a0-41e9-91fd-738b6aeda287,c009,BalticCloud,t009,Regulatory Issue,press@balticcloud.it,Local RSS Snapshot,https://local.example.com/balticcloud-antitrust,2026-02-01T08:55:00+00:00,c009|t009|2026-02-01|balticcloud sotto indagine antitrust,2026-02-07T21:55:32.230785+00:00,new
f78513d8-f4fc-43f9-a858-a5cfe38fd602,c010,TerraGrid Renewables,t008,Apertura Stabilimento,info@terragridrenewables.it,Local RSS Snapshot,https://local.example.com/terragrid-plant,2026-02-01T16:40:00+00:00,c010|t008|2026-02-01|terragrid renewables apre un impianto eolico in svezia,2026-02-07T21:55:32.230785+00:00,new
52a17aaa-e74c-4a16-b2f3-f03e7d0285ff,c017,Salus Healthcare,t004,Partnership,press@salushealthcare.it,GN Company | c017,https://news.google.com/rss/articles/CBMiiwFBVV95cUxOMnRsd09Zdll5Q0Ewem42YS1ydm91emNDcWw2QV9TODFuVjhlNUlBaHZQTTJEY2h3bVl5RE9YMHRMTmxDanZkU0VUOEhubXBmalRhanktZ204bk14WFBkeTE4Z3VUb205ckRhMmdFaUkyd0ZzUVlEcHJOeHVFdXI0eTJ2M3hLUlFMVVRn?oc=5,2024-08-22T07:00:00+00:00,c017|t004|2024-08-22|salus group annuncia la partnership con federlab italia salushealthcare it,2026-02-07T22:19:51.262416+00:00,sent
484fb92e-8027-4212-9cf9-62298d8d0988,c007,Atlas Software,t002,Cambio CEO,press@atlassoftware.it,GN Company | c007,https://news.google.com/rss/articles/CBMiUEFVX3lxTE5OVDMwOUo2NDNLWjVqTktjM2V5SEFEZV8zVTV4alg1ZmNHaU5idFNEY1RIdWw5cUxjdHJudVV3cklzLVlRbFYtWFVfTnozdXlX?oc=5,2017-04-01T12:51:30+00:00,c007|t002|2017-04-01|walter piras ceo atlas software linkedin italia,2026-02-07T22:19:51.262416+00:00,sent
f481285a-7175-4b76-967c-deb8fd5c300b,IT00422760587,MSD ITALIA S.R.L.,t004,Partnership,N/A,GN Company | IT00422760587,https://news.google.com/rss/articles/CBMiXEFVX3lxTE5iaFFHT0gzeHBKeGp6Q1BKYk5ielBTOTJTU1Z5VVRCZTU3NVNZcTNxamdwaEQzbF9RYW5hSGtRZ19zY3R5dDdXZjg1bzNXV3NPeGNmbnZQeklESVRE?oc=5,2021-09-29T11:55:03+00:00,IT00422760587|t004|2021-09-29|facciamo la differenza attraverso le partnership msd italia it,2026-02-08T07:30:08.821766+00:00,sent
5d6ced68-82f1-46b3-88af-27ca31e8a0bd,IT00422760587,MSD ITALIA S.R.L.,t004,Partnership,N/A,GN Company | IT00422760587,https://news.google.com/rss/articles/CBMiZEFVX3lxTE9od1E1aEhuWlZnbEVQWGdYN3QtMUF3Wi1QNzdLNVJLQ1kwTEQzeFBlRGVxOXNSYWZfakRmLWZVaUlNQzh2dTV1R2k0UXUtYXNpb0lVNm4zNF9LTHdjZ0UyUE91dXM?oc=5,2023-05-31T07:00:00+00:00,IT00422760587|t004|2023-05-31|partnership con bsp msd italia it,2026-02-08T07:30:08.821766+00:00,sent
e661685b-9fad-4ba6-ae77-a01f260e4746,IT00717760243,CANTINA SANTA MARGHERITA E KETTMEIR E CANTINE TORRESELLA S.P.A. LA DENOMINAZIONE SOCIALE PUO' ESSERE USATA ANCHE NELLE SEGUENTI FORME SANTA MARGHERITA S.P.A. (ABBR. S.M. S.P.A. ) O KETTMEIR S.P.A. (A,t001,Acquisizione,N/A,GN Company | IT03781170281,https://news.google.com/rss/articles/CBMixwFBVV95cUxOa1dWMUF0cjYxUWpfR2JXVEJ2Mzl4V3FqOTM4VGtXZGdaZ2x5RHNLN3VHenZ0d0E4b3l2b0IybEhFVktRbnZrVWZPOEtzM3BYSlhNbXJacVp1dEgzTzYzYXE2VnN6NEpjTkMwTG9HbGppY3BQa0YxSWpGbG53M0pFTWdVUG9QSnY0eG5qbHJtZ3poOVBxZklJSWM3N1BpWHFoTTlMU3YtN0FsQ1hra2hfa29HYmRuaHh5MkFJbkQzN3FTRGZvS3Yw?oc=5,2021-11-05T07:00:00+00:00,IT00717760243|t001|2021-11-05|santa margherita gruppo vinicolo investe sul futuro della maremma toscana doc potenziando la storica tenuta sassoregale grazie all acquisizione di pieve vecchia heritawines com,2026-02-08T07:30:08.821766+00:00,sent
94bfc21f-2abb-4934-88ef-4bad8cf5d371,IT06705490966,TRENORD S.R.L.,t002,Cambio CEO,N/A,GN Company | IT06705490966,https://news.google.com/rss/articles/CBMimgFBVV95cUxPalhEeEFoeDYtM1N5WkNxcmxNRy1DMTg3SmpmcVo1YU54dlZoQlhMTy15eXVuX0VTRkhLMDJ1WEhaWjVZZUZJWTR0ZmloeVBuZUNBQ0Z3b05kbmUtbUF5MlNGTW5GaS1Ta3ZOVFREZ1laZEw3S0FraWhmQk9HZXRpWGdXZzVXazJkNU4zMDgxTDZhWG5sUi1mQTF3?oc=5,2013-11-21T08:00:00+00:00,IT06705490966|t002|2013-11-21|milano 21 novembre 2013 trenord s r l responsabile lunga percorrenza ing guido patechi e p c amministratore delegato in sindacato orsa,2026-02-08T07:30:08.821766+00:00,sent
899ee9ee-fe7f-46a2-b8bf-145afe4411d0,IT07210440157,COMER INDUSTRIES S.P.A.,t004,Partnership,N/A,GN Company | IT07210440157,https://news.google.com/rss/articles/CBMioAFBVV95cUxNdWVIZHBEU1dHSm1aYzZzcGZuMU12TkhmOWlmY0lqRkJPbWZkSzZBUXZSUWZMLUtMM09FcXhNX3dNT1R1MWdBVmpzZnlOdzBYX05wSmRVclJ2UFZzai1qNmwwQm9wYVVSdmdHSzV6dlhYeW5hY0xfQVRuSkNvdEVJX2FHdU5CbjlRVW9FMXYyX2EwVjBnQnN6Nm5BN2x1V1FY?oc=5,2025-06-05T07:00:00+00:00,IT07210440157|t004|2025-06-05|firmata la partnership tra comer industries e cnh comerindustries com,2026-02-08T07:30:08.821766+00:00,sent
bb368eb7-64ce-4a3b-9b84-ca63d4a579cc,IT02349490363,COMER INDUSTRIES COMPONENTS S.R.L.,t004,Partnership,N/A,GN Company | IT07210440157,https://news.google.com/rss/articles/CBMioAFBVV95cUxNdWVIZHBEU1dHSm1aYzZzcGZuMU12TkhmOWlmY0lqRkJPbWZkSzZBUXZSUWZMLUtMM09FcXhNX3dNT1R1MWdBVmpzZnlOdzBYX05wSmRVclJ2UFZzai1qNmwwQm9wYVVSdmdHSzV6dlhYeW5hY0xfQVRuSkNvdEVJX2FHdU5CbjlRVW9FMXYyX2EwVjBnQnN6Nm5BN2x1V1FY?oc=5,2025-06-05T07:00:00+00:00,IT02349490363|t004|2025-06-05|firmata la partnership tra comer industries e cnh comerindustries com,2026-02-08T07:30:08.821766+00:00,sent
eff1d4e4-7c5f-47d7-8ef8-b943cab2a84f,IT00220200281,ARNEG S.P.A.,t002,Cambio CEO,N/A,GN Company | IT00220200281,https://news.google.com/rss/articles/CBMiZEFVX3lxTFB3NkI1S0FyeXRDS3NmRW9TNW9pT0JpMEpseTNtVFZuN1NDMlNIc2kyZzd4S3ZISkdzY255N3dDM1ZfU0haVzRodHFMUVNMbUp5Y0V4U3RYQXVFTWU2Skd3cEoyak4?oc=5,2015-11-21T22:05:08+00:00,IT00220200281|t002|2015-11-21|andrea salvalaggio group purchasing coordinator presso arneg s p a linkedin italia,2026-02-08T07:30:08.821766+00:00,sent
6e86108e-e197-4c99-ace6-f80b2f2f25bd,IT12432150154,EG S.P.A.,t002,Cambio CEO,N/A,GN Company | IT00220200281,https://news.google.com/rss/articles/CBMiZEFVX3lxTFB3NkI1S0FyeXRDS3NmRW9TNW9pT0JpMEpseTNtVFZuN1NDMlNIc2kyZzd4S3ZISkdzY255N3dDM1ZfU0haVzRodHFMUVNMbUp5Y0V4U3RYQXVFTWU2Skd3cEoyak4?oc=5,2015-11-21T22:05:08+00:00,IT12432150154|t002|2015-11-21|andrea salvalaggio group purchasing coordinator presso arneg s p a linkedin italia,2026-02-08T07:30:08.821766+00:00,sent
38fd636f-df4d-43b5-be35-3ef96cf2dcca,IT06979710487,DEDALUS S.P.A,t001,Acquisizione,N/A,GN Company | IT06405660488,https://news.google.com/rss/articles/CBMikgFBVV95cUxQdlNZOVZmR2QyZlhKMDBSZmRuMjhHSDFEby1heEtzeGJRTzIza2I4VG9OLXNRSEwxSU9Ka1BLWGtBQmZDQVc2Rm1ZamhLaDVyaVJYR01CNjR0VjUxcU9qLTFtc290dmUtMWtwZnBCSHBCaHdXaV9pd2ZZaW1JcDEzNGtNcGRveFpTMEUwLWZuelk2UQ?oc=5,2021-04-01T07:00:00+00:00,IT06979710487|t001|2021-04-01|comunicato stampa il gruppo dedalus annuncia l acquisizione del business healthcare software solutions di dxc technology grazi dedalus com,2026-02-08T07:30:08.821766+00:00,sent
1f16bb8e-09ba-4b0b-adec-3d9fada8ad02,IT06405660488,DEDALUS HEALTHCARE SYSTEMS GROUP S.P.A.,t001,Acquisizione,N/A,GN Company | IT06405660488,https://news.google.com/rss/articles/CBMikgFBVV95cUxQdlNZOVZmR2QyZlhKMDBSZmRuMjhHSDFEby1heEtzeGJRTzIza2I4VG9OLXNRSEwxSU9Ka1BLWGtBQmZDQVc2Rm1ZamhLaDVyaVJYR01CNjR0VjUxcU9qLTFtc290dmUtMWtwZnBCSHBCaHdXaV9pd2ZZaW1JcDEzNGtNcGRveFpTMEUwLWZuelk2UQ?oc=5,2021-04-01T07:00:00+00:00,IT06405660488|t001|2021-04-01|comunicato stampa il gruppo dedalus annuncia l acquisizione del business healthcare software solutions di dxc technology grazi dedalus com,2026-02-08T07:30:08.821766+00:00,sent
dfd200fa-2482-454b-a153-729d4240697d,IT05994810488,DEDALUS ITALIA S.P.A.,t001,Acquisizione,N/A,GN Company | IT06405660488,https://news.google.com/rss/articles/CBMikgFBVV95cUxQdlNZOVZmR2QyZlhKMDBSZmRuMjhHSDFEby1heEtzeGJRTzIza2I4VG9OLXNRSEwxSU9Ka1BLWGtBQmZDQVc2Rm1ZamhLaDVyaVJYR01CNjR0VjUxcU9qLTFtc290dmUtMWtwZnBCSHBCaHdXaV9pd2ZZaW1JcDEzNGtNcGRveFpTMEUwLWZuelk2UQ?oc=5,2021-04-01T07:00:00+00:00,IT05994810488|t001|2021-04-01|comunicato stampa il gruppo dedalus annuncia l acquisizione del business healthcare software solutions di dxc technology grazi dedalus com,2026-02-08T07:30:08.821766+00:00,sent
4f71adff-a6c7-4be0-8682-0f478b3e8095,IT07149930583,ENGIE SERVIZI S.P.A.,t002,Cambio CEO,N/A,GN Company | IT07149930583,https://news.google.com/rss/articles/CBMiigFBVV95cUxPTW1jc2R2bDE0NHFvSmR3cXF1WV9vN0d2TlczbXhuTjcxT1ZGVjRLM1NaY1hNMURvc04ydWlmUTdLeU83cEdsVEtna25pcnF0YTVEN0FxS3hLSzczZ19NM3VuU3BNMmNLdmRvckRscy1qLWxoblprSTZDY19taTQ5bEphVkYyTTZKTkE?oc=5,2021-09-01T07:00:00+00:00,IT07149930583|t002|2021-09-01|monica iacono è il nuovo ceo di engie italia engie it,2026-02-08T07:30:08.821766+00:00,sent
b3b7c94b-b80b-430a-97e9-ab643dff5676,IT02019870696,ENGIE PRODUZIONE S.P.A.,t002,Cambio CEO,N/A,GN Company | IT07149930583,https://news.google.com/rss/articles/CBMiigFBVV95cUxPTW1jc2R2bDE0NHFvSmR3cXF1WV9vN0d2TlczbXhuTjcxT1ZGVjRLM1NaY1hNMURvc04ydWlmUTdLeU83cEdsVEtna25pcnF0YTVEN0FxS3hLSzczZ19NM3VuU3BNMmNLdmRvckRscy1qLWxoblprSTZDY19taTQ5bEphVkYyTTZKTkE?oc=5,2021-09-01T07:00:00+00:00,IT02019870696|t002|2021-09-01|monica iacono è il nuovo ceo di engie italia engie it,2026-02-08T07:30:08.821766+00:00,sent
4867df8c-2a98-4fd6-9a6f-5d53ce3f7765,IT05246990484,ENGIE RINNOVABILI S.P.A.,t002,Cambio CEO,N/A,GN Company | IT07149930583,https://news.google.com/rss/articles/CBMiigFBVV95cUxPTW1jc2R2bDE0NHFvSmR3cXF1WV9vN0d2TlczbXhuTjcxT1ZGVjRLM1NaY1hNMURvc04ydWlmUTdLeU83cEdsVEtna25pcnF0YTVEN0FxS3hLSzczZ19NM3VuU3BNMmNLdmRvckRscy1qLWxoblprSTZDY19taTQ5bEphVkYyTTZKTkE?oc=5,2021-09-01T07:00:00+00:00,IT05246990484|t002|2021-09-01|monica iacono è il nuovo ceo di engie italia engie it,2026-02-08T07:30:08.821766+00:00,sent
3ca807de-b464-4517-9a24-12e61115ec2f,IT02051011209,OPERA,t005,Piano Industriale,N/A,GN_IT_PianoStrategico_Scadenza,https://news.google.com/rss/articles/CBMilAFBVV95cUxOdHhNZUxiUDJ6TnJ6X0IzX3B3TVhxT0hHbVdaQ1VkcXFiVE5GSHBUYTdKMHlCaDVIYk4wcFo0UmFNU04teVlKYTNwQzduNEtqckFxbHlxYlljcVVsT1g0LWlmc3pjVUxUM2huTng4Y2wycjNUcURnamJYamZlemVfRXVncUNmZi16bHdqLVdSRktVWmlU?oc=5,2025-11-21T17:28:10+00:00,IT02051011209|t005|2025-11-21|piano industriale 2025 2030 iren accelera sulla crescita nei business regolati e sull efficienza operativa gruppo iren,2026-02-08T07:30:08.821766+00:00,sent
6bbc27ce-dcb8-4d80-be9a-6c0adcbf352e,IT14869041005,RESIA INTERCONNECTOR S.R.L.,t005,Piano Industriale,N/A,GN_IT_PianoStrategico_Scadenza,https://news.google.com/rss/articles/CBMimAFBVV95cUxOMi1Ta0thVnJUN1I1MG1jQmlRRmJRMnFFLWY0cVdHbi15LVVZWTlZZGNhRjN6NDE0V25USm1qSV9yeWNISzczNGttei1zdXg5OEhmXzZkOUhzSUZMc1VyWkJHemJJOWJzSzVUMjRDWmpRUDZUZ09sX0pTaGd0a3NEdUs5cTNCUGxVVU1fcDJFbXVPaUFYYzVKcQ?oc=5,2025-03-25T07:00:00+00:00,IT14869041005|t005|2025-03-25|aggiornamento del piano industriale 2024 2028 terna it,2026-02-08T07:30:08.821766+00:00,sent
6abe7ed5-7f0e-4028-938d-6ec4a899806c,IT02567400540,IPI S.R.L.,t002,Cambio CEO,N/A,GN_IT_PianoStrategico_Scadenza,https://news.google.com/rss/articles/CBMic0FVX3lxTE1zLXc2N2VUd0FyY2h4THAxdnhIQ1hQcEo3RXlSazF4MEFLU2VLRnluaDVyTjVGZmUtbVlOMXNXbGFXa0ZXdThuR0dIRElxRGcyWjBMbEtxWUxKTHAxRGJ1QTk1ZENyVHhaNENNSXlZUEdGZHM?oc=5,2025-05-13T14:03:13+00:00,IT02567400540|t002|2025-05-13|il piano strategico di ateneo unipi it,2026-02-08T07:30:08.821766+00:00,sent
a1f086e9-b431-4b36-b5d5-0e20f979adf2,IT01522960671,RUZZO RETI S.P.A.,t001,Acquisizione,N/A,GN_IT_MA_CarveOut,https://news.google.com/rss/articles/CBMi7gFBVV95cUxQcDdlNURxQ0NNTVNhZjlEYW5lemUwRUpaWVlwRlFIMjFBLUZsd1Y5T1JHWmt0eUxUdmdEdEl4U0hTdlMwRmE4MlVGWkcwS2F0dV9hbF9Kd1RuWGNxY2JGYVhLN2ZQLU10blhQOUR0dzNMTmhGUFlyLWIxU04xZ29adzlWLVlheXM1TVVkNlJycUxXN3B5cTBNN0gwNk9NcHI3Z0hnNTdoT2F3LVNqcXpXYU4weV9OSmRpNjBsWmNBblIxUDNkazE2Wm1XTjBJc1FDeGtoVUZfWExqWFB6MGNZN2FZQlFYVEdkaGRFdmFB?oc=5,2026-02-07T22:59:07+00:00,IT01522960671|t001|2026-02-07|tortoreto progetto di finanza e acquisizione delle aree dei sottopassi l ordine del giorno del consiglio comunale cityrumorsabruzzo it,2026-02-08T07:30:08.821766+00:00,sent
a20a4ce5-66d7-4181-814c-0f767aca7b2c,IT02051011209,OPERA,t001,Acquisizione,N/A,GN_IT_MA_CarveOut,https://news.google.com/rss/articles/CBMidEFVX3lxTFBMQWk5LUQ4ZGlQWHA5dk9qdXhqdTNOT0F6eGxZU0QxaGdkS2JMMGlCVFVoYXFsbDdxVUVNOXN0ajNwdDB1T3UyVmhtUlpWb3pQdFgzX25mRXRGd0s4bkUxbzg5b1dmRmtOd2d6Y0J2VDBNSy1s?oc=5,2026-02-03T12:28:51+00:00,IT02051011209|t001|2026-02-03|m a pwc operazioni globali 2025 per 3 5 trilioni 36 valore con spinta ai il sole 24 ore,2026-02-08T07:30:08.821766+00:00,sent
e508534c-ca35-49bf-8ba6-fc9e52299883,IT02051011209,OPERA,t001,Acquisizione,N/A,GN_IT_MA_CarveOut,https://news.google.com/rss/articles/CBMilgNBVV95cUxPcGJFemxWQ1lwS3pxdnptTmdQbVF1UGpGV2V3M1FxT0RsRWU5YkpTaXJfVE1JTWZUWllzUlhNak1QVEdXOUI5MXNncXJBQWl0QThKNng4WW1rcVNDakNTcUZyNmlCQUs5ZTBIQzRuVEYtRVNYdmhaRmRXV0g4bUs2UVhtWWNSU0FRLUpMcW5tSDUwRkhvcGVfdkhGVUdqYlZFaDhEck9DOFBIbnc4bEVEWEYyZTNzM2R5V3NCN0F3YzA1d0lCTGNGYW9XZ3RIWFAwd1hoWmdqbUFnWWN5cVRTbzN5c3lfdWs5ejkyNWRNdFRGUmR6OHFiTVZUdUJzMnNWU1B2akRHUTBtbE1vWVQ2U2owOEUxbXR1aUJKR3BPc3RJN015UXVYSm51eHdlTnR5dXhWT2l4XzVJdjZ6NjhDVHpDY25Rem5Ea3RDdC1qQnYxa0h0UDVZVTZkLXg2Z3NycUVuQlV0MFhJcjFpeFNGTmpub2lnSHhjUzhTbDlPZk4yMkFBNm9rRFBHYWVSZGF1UllXeElB?oc=5,2025-11-27T08:00:00+00:00,IT02051011209|t001|2025-11-27|avviso per l acquisizione di manifestazioni di interesse da parte di operatori economici per il sostegno di rilevanti iniziative localizzate nel territorio comunale volte alla promozione e allo sviluppo socio economico culturale del territorio comune di spoleto,2026-02-08T07:30:08.821766+00:00,sent
87a59911-ca74-4f88-9f60-c3a7812d9dce,IT02051011209,OPERA,t001,Acquisizione,N/A,GN_IT_MA_CarveOut,https://news.google.com/rss/articles/CBMinwFBVV95cUxOUFluUGd2dnZSUzNLdUtBRDBXOXd6ZWFPMjJKLUpzUFdFdG5FWUxtVV9SeWt0Sm4wZWxNSzdfTlQ3QmhGWG04WDBTZ3JzR3VMWmtzRmRIcjFwMWlWakU0OXpzMFNkWDFMYjZfempUR1hwZzlGZzI1TWRzYmltREtPZklCUzBhUjB4U0NUR01ManNfaWdKNktLWUkwa1R4UlHSAaQBQVVfeXFMTXhMZHRLOGdxejItRW1DRTdwb1k1OG1qNFVvQ3dlQVUxdEVwek5EMjl6azNVd3JBeTc3dGpydUFwc1NKTTk4T3JRa081T3pTWmpveGZ6Zm9ra1dHbE94cDNlNUVfSUE4TVlGVnJQNzBVVGRzREtZLXVJYUplUDNia3FKcFVOZDF2U2xVVmdRX2tPT0Fmb1RhT2dOZk8xc25RY2JLZzA?oc=5,2026-02-06T08:00:08+00:00,IT02051011209|t001|2026-02-06|ferrari maxi operazione milionaria ufficiale l acquisizione reportmotori it,2026-02-08T07:30:08.821766+00:00,sent
dd449c5f-82c4-4668-9a1e-7ff26a68ff8f,IT03206360608,GIONA SRL,t002,Cambio CEO,N/A,Adnkronos Economia,https://www.adnkronos.com/economia/pipeline-e-gas-expo-2026-savi-egt-srl-nostre-macchine-per-perforazione-direzionale-controllate-da-remoto_6TbqUUzhicIgWgfAudNOuQ,2026-02-07T13:54:00+00:00,IT03206360608|t002|2026-02-07|pipeline gas expo 2026 savi e g t srl nostre macchine per perforazione direzionale controllate da remoto,2026-02-08T10:30:51.204639+00:00,sent
6f23011c-5fd3-485c-aaeb-98a427b8a9b7,IT02051011209,OPERA,t002,Cambio CEO,N/A,Adnkronos Economia,https://www.adnkronos.com/economia/pipeline-e-gas-expo-2026-savi-egt-srl-nostre-macchine-per-perforazione-direzionale-controllate-da-remoto_6TbqUUzhicIgWgfAudNOuQ,2026-02-07T13:54:00+00:00,IT02051011209|t002|2026-02-07|pipeline gas expo 2026 savi e g t srl nostre macchine per perforazione direzionale controllate da remoto,2026-02-08T10:30:51.204639+00:00,sent
1e9d9628-e924-4228-8ddb-2e097b9c389b,IT97866790153,MILANO CORTINA 2026,t004,Partnership,N/A,Teleborsa News,https://www.teleborsa.it/DettaglioNews/163_2026-02-04_TLB/Banca-Ifis-partner-di-Fondazione-Cortina.html,2026-02-04T16:30:54+00:00,IT97866790153|t004|2026-02-04|banca ifis partner di fondazione cortina,2026-02-08T10:30:51.204639+00:00,sent
49f7e161-26fb-4297-898a-5e502a7f7c01,IT02051011209,OPERA,t001,Acquisizione,N/A,GN_IT_IPO_PE_Vendita,https://news.google.com/rss/articles/CBMi2wFBVV95cUxOVkhwSm80Zm9FLTZlVmpUSmcxN2dIaTh5a1F3MXZ4d1c0V3lUalduWTg2dlZDZ3dxTHA4TWM2eHAwb2dfM1dVLW9faHdYT1ZIYV9Sb2ZUWDlHWGVjR0pIOFRsdGIzNllSNm9zanVHajNUY0xjVllWQms1cW8yWDVwc01GbFRxMzUxcm53akdVSEpUMVAzUDdsaUc1NmFBQnBsUndtbHJmOVFyMFdoWTJhQ0dETzZ3RmRNbFlDWVJDckVTczBuRFBmWGtPRXhQZUJXMGZyWnlGMXQwQzQ?oc=5,2026-01-08T08:00:00+00:00,IT02051011209|t001|2026-01-08|mergermarket financial advisor ranking 2025 in italia prime goldman sachs per valore e ey per numero di operazioni financecommunity,2026-02-08T10:30:51.204639+00:00,sent
12d86d84-0475-441d-a293-5e60baac153d,IT02051011209,OPERA,t006,Ristrutturazione,N/A,GN_IT_OrganizzazioneNonAllineata,https://news.google.com/rss/articles/CBMijwFBVV95cUxPQ0dTM0M3ak15T2dBNU1sdTZzaFVDOF8xcXdzX3FnQk5kSldJYmNRa2k0TGFCQ09TNXhaVkt4WE9CUVRoeFQ5UUwwelgxM3JEalVZZmlEWkFWTklQcGpRTkgtejJWNDFYZUdIZlE1ZnFYQ25TMnBsQk1YaG9hdU4wUmo5UmJFR0haOFBDOGZMSQ?oc=5,2023-12-19T08:00:00+00:00,IT02051011209|t006|2023-12-19|masaf al via la riorganizzazione operativa terra e vita,2026-02-08T10:30:51.204639+00:00,sent
8487fb4e-f71d-4999-9f34-56ab86217d25,IT02051011209,OPERA,t002,Cambio CEO,N/A,GN Company | IT06746680724,https://news.google.com/rss/articles/CBMi8AFBVV95cUxNd2ZFSzNTZ1c3X2ZmendFM0lPalZLUHpnOW8tRzE4ZU5QdS1FMzN3Z19JSEZNT005cEo2VElIdF9Lc21QOUp4TlJ5bFBJVThYTGZsb3pKZ1NVa0Y3aWJrVDU2RHU0Y1ZmdmszU2EzVGQzZllNcHYxMm9qLWRmRl9ib0N5MTdwcWU4T3FpNUFmWVRDSDNFSWo4cGZJX0cwUVF5VE9SbnJLdWtWa3I1a3Y3UGU4R3NrNVhNVnptd3I0QmFBVW1VaTBvWjNITHRlMks5ZXY5UG5zLUFMWXVjNmpyNmpUb2pEamRhMlJXdmZDRG4?oc=5,2026-02-07T05:00:00+00:00,IT02051011209|t002|2026-02-07|un impresa chiede il concordato sui debiti a rischio 100 operai di uno dei lotti del raddoppio ferroviario la sicilia,2026-02-08T23:41:22.022716+00:00,sent
ccec4c9e-f049-4425-8dbe-97063d27fec8,IT05556401213,CASCO S.P.A.,t006,Ristrutturazione,N/A,GN_IT_OrganizzazioneNonAllineata,https://news.google.com/rss/articles/CBMipwFBVV95cUxOcWthbHFIQXFEaWhBWU1VcHhHeHBFOHpTc3JQZUU4eTZ1b2ZiWWNnZ1E4czdET3U3QjU0RnNBLVhTaGJpMTB6ZEF4QS03c21Lbzcxa3dzNm5EejBjTFNvU1BNMW42REFSb2pzU3ZTYnhHbXJpU2VKc19GVHFqOFkyejZ1Yk1Bc0dYUWhOSG1sWWQ5WFBsbTVIRmRmcl96bWdId1BTQUk2RQ?oc=5,2025-12-23T08:00:00+00:00,IT05556401213|t006|2025-12-23|nasce la nuova casco s p a il gruppo avvia la riorganizzazione operativa dal 2026 inforicambi it,2026-02-08T23:41:22.022716+00:00,sent
4048a456-9c03-468a-a293-f68edf86ed7f,IT02051011209,OPERA,t006,Ristrutturazione,N/A,GN_IT_OrganizzazioneNonAllineata,https://news.google.com/rss/articles/CBMipwFBVV95cUxOcWthbHFIQXFEaWhBWU1VcHhHeHBFOHpTc3JQZUU4eTZ1b2ZiWWNnZ1E4czdET3U3QjU0RnNBLVhTaGJpMTB6ZEF4QS03c21Lbzcxa3dzNm5EejBjTFNvU1BNMW42REFSb2pzU3ZTYnhHbXJpU2VKc19GVHFqOFkyejZ1Yk1Bc0dYUWhOSG1sWWQ5WFBsbTVIRmRmcl96bWdId1BTQUk2RQ?oc=5,2025-12-23T08:00:00+00:00,IT02051011209|t006|2025-12-23|nasce la nuova casco s p a il gruppo avvia la riorganizzazione operativa dal 2026 inforicambi it,2026-02-08T23:41:22.022716+00:00,sent
a52dd18b-1d96-46f2-951f-1e469d10adc0,IT02414290268,MINULAMP SRL,t001,Acquisizione,N/A,GN_IT_MA_CarveOut,https://news.google.com/rss/articles/CBMipwFBVV95cUxQSV9wLXFTYkZPNTdtZjFLTDlsZGJzX0lKaFE4M2FaMkZOeW1pTEtacFdNWFRlWXp4V0Nud2NjYTNBY3RZZGdMTWQ5Y1ZvdTdSZVkzNWw4MXAwaTZkVGdBUjdfVDRaOFhmUmNZMHpmc0dIX3hBRkhyZzg4TV9wdzIxNGNUU1lPU0xob1lSSUU0aU9QNXNacW5RY3FEWHZsZXVkYUxrTzJ1TQ?oc=5,2026-02-04T15:59:04+00:00,IT02414290268|t001|2026-02-04|netflix difende in congresso la sua acquisizione di wbd primaonline it,2026-02-09T08:02:34.310643+00:00,sent
e75d72f7-ee7e-4f6c-af0f-94be32dc1b6d,IT00202750287,INE SPA,t001,Acquisizione,N/A,GN_IT_MA_CarveOut,https://news.google.com/rss/articles/CBMipwFBVV95cUxQSV9wLXFTYkZPNTdtZjFLTDlsZGJzX0lKaFE4M2FaMkZOeW1pTEtacFdNWFRlWXp4V0Nud2NjYTNBY3RZZGdMTWQ5Y1ZvdTdSZVkzNWw4MXAwaTZkVGdBUjdfVDRaOFhmUmNZMHpmc0dIX3hBRkhyZzg4TV9wdzIxNGNUU1lPU0xob1lSSUU0aU9QNXNacW5RY3FEWHZsZXVkYUxrTzJ1TQ?oc=5,2026-02-04T15:59:04+00:00,IT00202750287|t001|2026-02-04|netflix difende in congresso la sua acquisizione di wbd primaonline it,2026-02-09T08:02:34.310643+00:00,sent
5fd8abc0-99c3-4d4f-906d-16fa0a8ec2be,IT02051011209,OPERA,t001,Acquisizione,N/A,Teleborsa News,https://www.teleborsa.it/DettaglioNews/191_2026-02-09_TLB/UE-autorizza-acquisizione-dellaustriaca-Hauser-da-parte-dellitaliana-Epta.html,2026-02-09T16:30:50+00:00,IT02051011209|t001|2026-02-09|ue autorizza acquisizione dell austriaca hauser da parte dell italiana epta,2026-02-09T21:34:33.786831+00:00,sent
68dc077b-12c3-42bf-8dd8-cc91de1394e4,IT02051011209,OPERA,t001,Acquisizione,N/A,Teleborsa News,https://www.teleborsa.it/DettaglioNews/109_2026-02-09_TLB/Eli-Lilly-acquisisce-Orna-Therapeutics-operazione-da-24-miliardi-di-dollari.html,2026-02-09T12:48:58+00:00,IT02051011209|t001|2026-02-09|eli lilly acquisisce orna therapeutics operazione da 2 4 miliardi di dollari,2026-02-09T21:34:33.786831+00:00,sent
d5d47815-2ad1-4982-8998-92aabda7e8e8,IT02051011209,OPERA,t004,Partnership,N/A,Teleborsa News,https://www.teleborsa.it/DettaglioNews/65_2026-02-09_TLB/Brembo-e-JAC-Group-uniscono-le-forze-nasce-una-partnership-strategica-per-la-mobilit-del-futuro.html,2026-02-09T10:23:17+00:00,IT02051011209|t004|2026-02-09|brembo e jac group uniscono le forze nasce una partnership strategica per la mobilità del futuro,2026-02-09T21:34:33.786831+00:00,sent
9964fefa-8f95-44c2-b6c7-5fcab478c00a,IT02051011209,OPERA,t002,Cambio CEO,N/A,Business Wire (General),http://www.businesswire.com/news/home/20260209554727/en/Modveon-Raises-10-Million-to-Build-a-Verified-Operating-System-for-Governments-and-Citizens/?feedref=JjAwJuNHiystnCoBq_hl-V2wqxRmnpgZtOypyHtjMYiqcp-o_pnudlUwsb5apQ1S4gUE65BTfjH3-pSuqdv0gW3cb3F4oTIgUqCPafFkgu4s9L7CzgBlYMXxVoyWhzlQ,2026-02-09T17:17:00+00:00,IT02051011209|t002|2026-02-09|modveon raises 10 million to build a verified operating system for governments and citizens,2026-02-09T21:34:33.786831+00:00,sent
135fe5d5-0a3b-4b86-b2b4-294768f2782f,IT02051011209,OPERA,t004,Partnership,N/A,Business Wire (General),http://www.businesswire.com/news/home/20260209475961/en/Energy-Vault-and-Peak-Energy-Announce-Strategic-Development-Agreement-to-Develop-Sodium-Ion-Storage-Solution-for-%E2%80%9CAI-First-Data-Center-Operators%E2%80%9D-Includes-1.5-GWh-Supply-Agreement-to-Accelerate-Global-Deployment-and-Reduce-Costs/?feedref=JjAwJuNHiystnCoBq_hl-V2wqxRmnpgZtOypyHtjMYiqcp-o_pnudlUwsb5apQ1S4gUE65BTfjH3-pSuqdv0gW3cb3F4oTIgUqCPafFkgu4s9L7CzgBlYMXxVoyWhzlQ,2026-02-09T14:22:00+00:00,IT02051011209|t004|2026-02-09|energy vault and peak energy announce strategic development agreement to develop sodium ion storage solution for ai first data center operators includes 1 5 gwh supply agreement to accelerate global deployment and reduce costs,2026-02-09T21:34:33.786831+00:00,sent
11fd38fb-660c-47a3-9953-bd17ee129ecb,IT09758110960,ETHICA GLOBAL INVESTMENTS S.P.A.,t001,Acquisizione,N/A,GN Company | IT09758110960,https://news.google.com/rss/articles/CBMivwFBVV95cUxOS0tzWDJVQjFCRjhJbDhxTWloUEswOTBtVmNpSXpZVFd2TG1DLVkzVGN5Q1d1WXRmbUFfZEtlSFZEbEIwV1JpcV9uQjdPT1FMaENYVVNjS3RwR1lfNlNDOUt3NWE0b0M1SHZ2eGJyRk1yVXhfaVhuMnE2MEk2QmFyY0x2TV95MnM3TWpDMnB4MGZmMkdzM3paUlBxazRpUHQ1b194WVQ0QmFENmRhT3ZEUzNGT3VRS2M5NXFLTUszaw?oc=5,2026-02-09T17:42:07+00:00,IT09758110960|t001|2026-02-09|ethica m a advisory al fianco di lanvin group nella cessione di caruso ethica ethica group com,2026-02-09T21:34:33.786831+00:00,sent
dc793cf7-b511-49a2-b7c9-1155f884ec90,IT00238610687,I.C.O. - INDUSTRIA CARTONE ONDULATO S.P.A.,t005,Piano Industriale,N/A,GN_IT_PianoStrategico_Scadenza,https://news.google.com/rss/articles/CBMimgFBVV95cUxOU2ZrZ0pDejlMOS1fYURlckZaLU56RlEzZFNoZUtHbW00cmFwSFFodURjUHVwNmlSeXktNmgxU1V3NXNSdlV2UWpiTnVJYzJILXpmOW0xRUhTTGxKakRaNGJaUGVPaHpJaE0yTFZUOEVkcTdscXFIaHJsVDZRRWQ2QmtCamdxem5NVnprNE1QdXcyNUdwalh1NFBR?oc=5,2026-02-09T08:30:42+00:00,IT00238610687|t005|2026-02-09|enel oltre 80 miliardi prepara il nuovo piano industriale lachirico it,2026-02-09T21:34:33.786831+00:00,sent
5c9964f5-5dc7-4a8b-a1ca-f5645d1fd59e,IT09305080963,KIREY SINERGIA S.R.L. IN LIQUIDAZIONE,t001,Acquisizione,N/A,GN_IT_MA_CarveOut,https://news.google.com/rss/articles/CBMimgFBVV95cUxNSjRQbjVnTFFyUVJZMENhRkt2eXhwR05tdjBTR2FyaWo3a2M0QUQyU3B6NjZqbG1YZGh0czNseV91MVRrSHlIRkk5Y193czJiVmFETkVRZDZxOEpaZlU3TFFtb1REOUpFSTUzdnplTXI0ZDQ2SUhWNXRfazdfTnFOcS1OQnQtaG5pVUR2aS1xVm5fM1JJVWJpRWJ3?oc=5,2026-02-09T17:37:07+00:00,IT09305080963|t001|2026-02-09|sofair entra nel bresciano completata l acquisizione di tutto pack bebeez it,2026-02-09T21:34:33.786831+00:00,sent
c73d3735-c5ab-48f7-a8af-da5a1174390d,IT07118380158,BRUNO PRESEZZI S.P.A.,t001,Acquisizione,N/A,GN_IT_MA_CarveOut,https://news.google.com/rss/articles/CBMi-wFBVV95cUxObE9fdy05d04xeExnTUFDYkxncU5lV01kWWU3TmowbFh6S3ZDVzZYWjF6b2Z3aVdrdVJ0WXl0aFQ4MmZ4UHBaSGRvRnlmbmFFRkFBdm02NjFlQktFTUVvajJlLVFScU51YlQ2aXZ5NWxGUXpXdmdsZWZKYXNTNk5uVTZ0UUtOYl91cUFDS0lzWTRYa2x0LWlhNzFfbjlmMTBmb1dBNnczVUxmeXdSYXRPX09VcUJ5TE1OWXZRc1N3UkQ5N19sQUlnX2dCNzZzVVVHdzJfaGg1aTRveDZZNnYya2ZDZmpSOU9uaTJVTVRucXNJTHBXR3lIbGszbw?oc=5,2026-02-09T02:05:00+00:00,IT07118380158|t001|2026-02-09|cdr advisory ha assistito bruno presezzi s p a nell acquisizione del 100 di novells pae ridenominata pae technologies nt diritto,2026-02-09T21:34:33.786831+00:00,sent
